20140424_0_Aprille|Aprille Best Glover|artiste www.aprille.net|20140424_0_Aprille.jpg
30082017-095454-5480|Yves|j'aime l'espace Mirabeau|30082017-095454-5480.jpg
30082017-095454-8430|Annick |j'aime l'espace mirabeau |30082017-095454-8430.jpg
30082017-095454-9010|Mario|BTP41|30082017-095454-9010.jpg
30082017-095454-9080|Samira|j'aime l'espace Mirabeau|30082017-095454-9080.jpg
30082017-095455-1810|Hassina|j'aime l'espace Mirabeau|30082017-095455-1810.jpg
30082017-095455-1880|Edward & Anne-Marie|j'aime l'espace Mirabeau|30082017-095455-1880.jpg
30082017-095455-2280|Monique|j'aime l'espace Mirabeau|30082017-095455-2280.jpg
30082017-095455-3400|Virginie|j'aime l'espace Mirabeau|30082017-095455-3400.jpg
30082017-095455-6310|Liliya |j'aime l'espace Mirabeau |30082017-095455-6310.jpg
30082017-095455-8930|Laurence|j'aime l'espace Mirabeau|30082017-095455-8930.jpg
30082017-095456-1880|Catherine|j'aime l'espace Mirabeau|30082017-095456-1880.jpg
30082017-095456-2140|Boulay|j'aime l'espace Mirabeau|30082017-095456-2140.jpg
30082017-095456-5010|Yvette|j'aime l'espace Mirabeau|30082017-095456-5010.jpg
30082017-095456-7470|Claudette Louchart|Claudette Louchart|30082017-095456-7470.jpg
30082017-095456-9650|guest user|guest user|30082017-095456-9650.jpg
30082017-095457-3200|Anne-Clarisse|BTP41|30082017-095457-3200.jpg
30082017-095457-3740|Samuel|J'aime la médiathèque Maurice-Genevoix|30082017-095457-3740.jpg
30082017-095457-7250|Nicolas|BTP41|30082017-095457-7250.jpg
30082017-095458-0200|Isabelle|BTP41|30082017-095458-0200.jpg
30082017-095458-0600|Jerome|BTP41|30082017-095458-0600.jpg
30082017-095458-3340|Audrey |BTP41|30082017-095458-3340.jpg
30082017-095458-5050|Mirghani|J'aime la Maison de Bégon.|30082017-095458-5050.jpg
30082017-095458-7670|Arthur|arthur|30082017-095458-7670.jpg
30082017-095458-8340|Benjamin|BTP41|30082017-095458-8340.jpg
30082017-095458-8610|Thèo|J'aime la médiathèque Maurice-Genevoix|30082017-095458-8610.jpg
30082017-095458-9380|D'amélio|J'aime la médiathèque Maurice-Genevoix|30082017-095458-9380.jpg
30082017-095458-9900|Djamel edine|J'aime la médiathèque Maurice-Genevoix|30082017-095458-9900.jpg
30082017-095459-2080|Marseille|J'aime la médiathèque Maurice-Genevoix|30082017-095459-2080.jpg
30082017-095459-4780|Arda|J'aime la médiathèque Maurice-Genevoix|30082017-095459-4780.jpg
30082017-095459-7000|Loan|J'aime Blois|30082017-095459-7000.jpg
30082017-095459-9230|nsyb|J'aime la médiathèque Maurice-Genevoix|30082017-095459-9230.jpg
30082017-095500-2330|Valdrack|J'aime la médiathèque Maurice-Genevoix|30082017-095500-2330.jpg
30082017-095500-4610|Vineulle|J'aime la médiathèque Maurice-Genevoix|30082017-095500-4610.jpg
30082017-095500-7550|Malak|J'aime la médiathèque Maurice-Genevoix|30082017-095500-7550.jpg
30082017-095501-0470|Aicha|J'aime la médiathèque Maurice-Genevoix|30082017-095501-0470.jpg
30082017-095501-8350|Othmane|J'aime la médiathèque Maurice-Genevoix|30082017-095501-8350.jpg
30082017-095502-1270|Congolaise|J'aime la médiathèque Maurice-Genevoix|30082017-095502-1270.jpg
30082017-095502-4220|Kerem|J’aime Blois.|30082017-095502-4220.jpg
30082017-095502-6990|Megue|J’aime Blois.|30082017-095502-6990.jpg
30082017-095502-7420|PSG|J'aime la médiathèque Maurice-Genevoix|30082017-095502-7420.jpg
30082017-095502-7880|Aylis Souheila |J'aime la médiathèque Maurice-Genevoix|30082017-095502-7880.jpg
30082017-095502-8300|Agasin|J'aime l'espace Quinière.|30082017-095502-8300.jpg
30082017-095503-4130|Radija|J'aime l'espace Quinière.|30082017-095503-4130.jpg
30082017-095503-5020|la famille Bellahouel|Bellahouel|30082017-095503-5020.jpg
30082017-095503-7990|la famille Moulin|J'aime l'espace Quinière.|30082017-095503-7990.jpg
30082017-095504-1330|Hanan|J'aime l'espace Quinière.|30082017-095504-1330.jpg
30082017-095504-3910|Jean-michel Aubry |J'aime l'espace Quinière.|30082017-095504-3910.jpg
30082017-095504-6920|Babette|J'aime l'espace Quinière.|30082017-095504-6920.jpg
30082017-095504-9620|Blaise|J'aime l'espace Quinière.|30082017-095504-9620.jpg
30082017-095505-2210|Lev|J'aime l'espace Quinière.|30082017-095505-2210.jpg
30082017-095505-4950|Naïm|J'aime l'espace Quinière.|30082017-095505-4950.jpg
30082017-095505-7500|Hugo|J'aime l'espace Quinière. |30082017-095505-7500.jpg
30082017-095506-0750|Noï|J'aime l'espace Quinière.|30082017-095506-0750.jpg
30082017-095506-4530|Annie Loyau|poète|30082017-095506-4530.jpg
30082017-095506-9700|Dominique Cavarec (FNATH)|Dominique Cavarec (FNATH) www.fnath.org/|30082017-095506-9700.jpg
30082017-095507-0170|Dr. Ntka Bavashima||30082017-095507-0170.jpg
30082017-095507-1160|collective friture|Friture c’est une radio éphémère et itinérante qui se faufile pour écouter des endroits bavards. http://friture-radio.eu/wp/|30082017-095507-1160.jpg
30082017-095507-3780|Sandra|J'aime Blois|30082017-095507-3780.jpg
30082017-095507-6040|Nina et Trevor|J'aime Blois|30082017-095507-6040.jpg
30082017-095508-1000|EHPAD La Roselière|Blois d'antan|30082017-095508-1000.jpg
30082017-095608-1000|Jonathan|BTP41|30082017-095508-1000.jpg
10092017-095508-1001|BTP41 à la maison Begon|BTP41|10092017-095508-1001.jpg
10092017-095508-1002|L’APF de Loir-et-Cher|L'Association des Paralysés de France (APF) est une association de défense des droits et de représentation des personnes en situation de handicap ou polyhandicapées et de leur famille. http://apf41.blogs.apf.asso.fr|10092017-095508-1002.jpg
10092017-095508-1003|Centre Hospitalier de Blois|Simone Veil|10092017-095508-1003.jpg
10092017-095508-1004|fofie|j’aime l’espace Quinière|10092017-095508-1004.jpg
10092017-095508-1005|Marie-Martine|j’aime l’espace Quinière|10092017-095508-1005.jpg
10092017-095508-1006|Campus fluxus|La Fondation du doute|10092017-095508-1006.jpg
10092017-095508-1007|L’Observatoire Loire|l'Observatoire Loire, association d'éducation à l' environnement /www.observatoireloire.fr|10092017-095508-1007.jpg
10092017-095508-1008|A.L.C.V.|L’ALCV (Association Loisirs et Culture en Vienne et Bas-rivière) est une association d’éducation populaire prônant la tolérance, le respect et le partage dans une société laïque.|10092017-095508-1008.jpg
10092017-095508-1009|Bernard Trintzius|écrivain|10092017-095508-1009.jpg
10092017-095508-1010|M. Papin|Papin et Fils|10092017-095508-1010.jpg
10092017-095508-1011|Harry & Sue| |10092017-095508-1011.jpg
10092017-095508-1012|Hervé|j'aime La Loire |10092017-095508-1012.jpg
10092017-095508-1013|Michel Maraone|LE CONTEUR-SALTIMBANQUE|10092017-095508-1013.jpg
10092017-095508-1014|Odile|j'aime La Loire|10092017-095508-1014.jpg
10092017-095508-1015|Pierre|j'aime La Loire|10092017-095508-1015.jpg
10092017-095508-1016|Maryse|j'aime La Loire|10092017-095508-1016.jpg
10092017-095508-1017|Sylvie Naud|j'aime La Loire|10092017-095508-1017.jpg
10092017-095508-1018|Véronique Heiles|j'aime La Loire|10092017-095508-1018.jpg
10092017-095508-1019|Olivier|j'aime La Loire|10092017-095508-1019.jpg
10092017-095508-1020|Olivier Labbé|Librairie Labbé|10092017-095508-1020.jpg
10092017-095508-1021|Laurent Quilichini|Le musée de la Résistance, de la Déportation et de la Libération en Loir-et-Cher |10092017-095508-1021.jpg
10092017-095508-1022|Bruno Guignard|historien et écrivain et responsable du fonds patrimonial de Blois -Agglopolys|10092017-095508-1022.jpg
10092017-095508-1023|Evelyne Odeau|J'aime Blois|10092017-095508-1023.jpg
10092017-095508-1024|Caffé LaBo|J'aime Blois https://www.facebook.com/Caffè-LaBo-936130943133201/|10092017-095508-1024.jpg
10092017-095508-1025|Victor|J'aime Blois|10092017-095508-1025.jpg
10102017-095508-1026|Marie-Thérèse Dortort|l’ancienne président des Voutes du Puites Chatel|10092017-095508-1026.jpg
10092017-095508-1027|Lycée Horticole de Blois|http://www.lyceehorti41.com|10092017-095508-1027.jpg
10092017-095508-1028|Ludivine Legras|Le Jardin de Cocagne http://www.association-biosolidaire.fr/jardins-de-cocagne/|10092017-095508-1028.jpg